Conversation ID,User ID,Timestamp,User Message,Intent,Intent Confidence,Topic,Sentiment Score,Sentiment Label,Bot Response
conv_0001,user_0001,2026-09-01T08:05:12,How do I add a course to my schedule?,course_registration,0.92,Registration,0.10,neutral,"To add a course, go to the student portal > Registration > Add/Drop Courses and follow the prompts. If you tell me the course code I can check seat availability."
conv_0002,user_0002,2026-09-01T09:12:45,When is the library open on weekends?,campus_facilities,0.88,Facilities,0.35,positive,The library hours are 9:00–18:00 on Saturdays and 10:00–16:00 on Sundays. Would you like directions or the study room booking link?
conv_0003,user_0003,2026-09-01T09:45:03,I forgot my student portal password.,technical_issue,0.95,IT Support,-0.20,negative,I can help reset your password. Please visit the portal's Password Reset page or confirm you'd like me to send password reset instructions to your registered email.
conv_0004,user_0004,2026-09-01T10:02:33,Are there scholarships for international students?,financial_aid,0.90,Financial Aid,0.25,positive,Yes — we have several scholarships for international students. Check the Financial Aid page and filter by 'International'. Would you like me to list currently open scholarships?
conv_0005,user_0005,2026-09-01T10:15:50,I need to book an appointment with career services.,career_services,0.89,Career,0.40,positive,You can book an appointment via the Career Services portal. I can open the booking page or suggest available time slots if you share preferred days.
conv_0006,user_0006,2026-09-01T11:20:07,What are the exam dates for CS101?,exam_schedule,0.94,Exams,0.05,neutral,Exam dates are posted on the course page. For CS101 the midterm is 2026-10-15 and final is 2026-12-10. Would you like reminders added to your calendar?
conv_0007,user_0007,2026-09-01T11:45:21,My grades haven't been updated yet.,grades,0.86,Grades,-0.30,negative,"Grades are uploaded by instructors and can take up to two weeks after grading. If it's been longer, I can submit an inquiry to the registrar for you."
conv_0008,user_0008,2026-09-01T12:10:59,I'm feeling anxious about finals.,mental_health,0.91,Wellbeing,-0.60,negative,I'm sorry you're feeling anxious. The counseling center offers drop-in hours and appointments. Would you like to book a session or see immediate coping resources?
conv_0009,user_0009,2026-09-01T12:33:14,Can I change my major?,academic_advising,0.87,Advising,0.20,positive,Yes — you can request a major change. Visit Academic Advising > Change of Major and submit the form. I can open the form or provide the advisor's contact details.
conv_0010,user_0010,2026-09-01T13:02:05,How to connect to campus Wi-Fi?,technical_issue,0.93,IT Support,0.30,positive,"To connect, choose the 'UniSecure' network and enter your student credentials. If you need step-by-step instructions for your device, tell me whether you're on Windows, macOS, iOS, or Android."
conv_0011,user_0011,2026-09-01T13:20:44,Is there on-campus housing available next semester?,housing,0.85,Housing,0.15,neutral,Housing availability varies. Check the Housing Portal for application deadlines and current openings. Would you like me to show available room types?
conv_0012,user_0012,2026-09-01T13:45:11,How do I apply for a transcript?,administration,0.90,Administration,0.05,neutral,Official transcripts can be requested through the Registrar's Office. You can request electronic or mailed copies. Should I provide the transcript request link?
conv_0013,user_0013,2026-09-01T14:05:02,What's the parking policy for students?,campus_facilities,0.86,Facilities,0.00,neutral,Student parking permits are required Monday–Friday. Permits can be purchased online via Campus Parking. Want the parking permit rates?
conv_0014,user_0014,2026-09-01T14:33:47,Who do I contact about accessibility services?,student_services,0.92,Accessibility,0.45,positive,Contact the Accessibility Services Office at accessibility@university.edu or call (555) 010-1000. I can draft an email or give office hours if you'd like.
conv_0015,user_0015,2026-09-01T14:55:26,Can I get an extension on my assignment?,academic_policies,0.80,Policies,-0.10,negative,Extensions depend on the instructor and course policy. I can provide the extension request form and guidance on what details to include.
conv_0016,user_0016,2026-09-01T15:12:59,Is there a tutoring center for calculus?,student_services,0.88,Tutoring,0.50,positive,Yes — the Tutoring Center offers drop-in and scheduled sessions for calculus. Want the drop-in hours or to book a session?
conv_0017,user_0017,2026-09-01T15:40:03,My campus card isn't working at the dining hall.,technical_issue,0.91,Card Services,-0.25,negative,Card access issues are usually resolved by Card Services. Please visit the Card Office in Building A or I can submit a repair request on your behalf.
conv_0018,user_0018,2026-09-01T16:05:30,How can I appeal a grade?,academic_policies,0.84,Appeals,-0.05,neutral,Grade appeals follow the Academic Appeals Policy. You'll need to submit a written appeal within the stated deadline. I can link the policy and the appeal form.
conv_0019,user_0019,2026-09-01T16:28:12,Where can I find internship postings?,career_services,0.89,Career,0.60,positive,Internship postings are listed on the Career Portal and Handshake. I can filter postings by major and location if you tell me your major.
conv_0020,user_0020,2026-09-01T16:55:44,Do we have a vegan option in the cafeteria?,campus_facilities,0.83,Dining,0.35,positive,Yes — the cafeteria offers multiple vegan options daily. I can show today's menu if you'd like.
conv_0021,user_0021,2026-09-02T08:03:10,Can I audit a class this semester?,academic_advising,0.79,Advising,0.10,neutral,Auditing is allowed for certain courses with instructor permission. Check the course policy or request permission from the instructor. Want me to find the instructor's email?
conv_0022,user_0022,2026-09-02T08:22:55,My laptop won't connect to the projector.,technical_issue,0.92,IT Support,-0.15,negative,"Try restarting your laptop and checking the HDMI/adapter connection. If it persists, campus AV support can assist. Shall I create a support ticket?"
conv_0023,user_0023,2026-09-02T08:50:33,How do I declare a minor?,academic_advising,0.87,Advising,0.20,positive,"To declare a minor, submit the Minor Declaration form through the Registrar. I can provide the form link or list available minors for your program."
conv_0024,user_0024,2026-09-02T09:14:01,Is there counseling available for stress?,mental_health,0.94,Wellbeing,0.55,positive,Yes — counseling services offer individual therapy and workshops. I can schedule an appointment or share immediate coping resources.
conv_0025,user_0025,2026-09-02T09:39:16,Where can I find the syllabus for MATH201?,course_information,0.88,Courses,0.05,neutral,Syllabi are posted on the Learning Management System. I can open MATH201's course page or fetch the syllabus if you want.
conv_0026,user_0026,2026-09-02T10:05:42,How many credits do I need to graduate?,academic_advising,0.85,Advising,0.00,neutral,Graduation credit requirements depend on your program. Check your degree audit in the student portal or tell me your major and I can give the requirement.
conv_0027,user_0027,2026-09-02T10:28:59,Can the bot submit a leave of absence?,administration,0.82,Administration,-0.05,neutral,Leaves of absence require an official form submitted to Student Records. I can provide the form and steps but cannot submit personal documents for you.
conv_0028,user_0028,2026-09-02T10:50:20,I need help with referencing styles for my thesis.,academic_support,0.88,Research Support,0.40,positive,"I can guide you on APA, MLA, or Chicago styles and provide citation examples. Which style are you using?"
conv_0029,user_0029,2026-09-02T11:12:37,Do we have a student discount for public transport?,campus_facilities,0.80,Facilities,0.10,neutral,There is a reduced fare student pass available each semester. Visit Student Services for purchase instructions. Would you like the link?
conv_0030,user_0030,2026-09-02T11:38:05,How to report a crime on campus?,safety,0.95,Campus Safety,-0.50,negative,"If it's an emergency, call campus police immediately. For non-emergency reports, use the Campus Safety portal or visit their office. Need the contact number?"
conv_0031,user_0031,2026-09-02T11:59:18,Can I re-take a course I failed?,academic_policies,0.86,Policies,-0.10,negative,Retake policies vary by program and course. Many courses can be retaken for grade replacement. I can check the specific policy for your program.
conv_0032,user_0032,2026-09-02T12:23:44,What's the timetable for next week?,schedule,0.84,Schedule,0.00,neutral,Your timetable is available in the student portal under 'My Schedule'. Do you want the week view or a downloadable calendar file?
conv_0033,user_0033,2026-09-02T12:45:50,Is there emergency housing in case of displacement?,housing,0.81,Housing,-0.30,negative,Emergency housing is arranged by Student Affairs depending on availability. Contact Student Affairs immediately; I can provide contact info.
conv_0034,user_0034,2026-09-02T13:08:09,Can I get a refund for a dropped class?,financial_aid,0.83,Refunds,0.05,neutral,Refund eligibility depends on the drop date and tuition policy. The Refunds page has the schedule. Want me to calculate a likely refund date based on drop date?
conv_0035,user_0035,2026-09-02T13:33:20,How do I join the robotics club?,student_life,0.78,Clubs,0.50,positive,Clubs can be joined via the Student Activities portal. The Robotics Club meets Tuesdays; would you like their contact or meeting location?
conv_0036,user_0036,2026-09-02T13:58:47,My financial aid package seems incorrect.,financial_aid,0.87,Financial Aid,-0.40,negative,"I can help review it. Please provide the specific discrepancy, or I can create a support ticket to Financial Aid on your behalf."
conv_0037,user_0037,2026-09-02T14:20:11,Is there daycare on campus?,campus_facilities,0.80,Facilities,0.10,neutral,"Yes, the Campus Childcare Center provides services; apply early as spots are limited. Want the application link?"
conv_0038,user_0038,2026-09-02T14:45:29,How do I check my internship credit approval?,career_services,0.85,Career,0.15,neutral,Internship credit approvals are handled by your department. Submit the internship form and supervisor details to your department advisor. Shall I fetch the form?
conv_0039,user_0039,2026-09-02T15:12:50,Can I access alumni resources as a current student?,student_services,0.77,Alumni,0.20,positive,"Some alumni resources are available to current students, while others are restricted. I can list resources accessible to you now."
conv_0040,user_0040,2026-09-02T15:35:01,Who do I contact about campus events?,student_life,0.82,Events,0.30,positive,Contact Student Activities at events@university.edu. I can also show upcoming events or help register for one.
conv_0041,user_0041,2026-09-03T08:02:12,How to request disability accommodations?,accessibility,0.93,Accessibility,0.55,positive,Submit the Accommodation Request form to Accessibility Services and provide documentation. I can provide the form and list required documents.
conv_0042,user_0042,2026-09-03T08:22:46,Is the gym open late tonight?,campus_facilities,0.79,Facilities,0.40,positive,The gym is open until 22:00 on weekdays. Would you like today's class schedule for the fitness center?
conv_0043,user_0043,2026-09-03T08:49:33,My student email is not receiving messages.,technical_issue,0.90,IT Support,-0.20,negative,"Check your storage quota and spam folder. If the problem continues, reset your mail settings or submit a ticket; I can initiate that for you."
conv_0044,user_0044,2026-09-03T09:12:06,Do we have language exchange partners?,student_life,0.76,Clubs,0.35,positive,Yes — the Language Exchange program pairs students for weekly meetups. Shall I register you or show available partners?
conv_0045,user_0045,2026-09-03T09:40:19,What's the procedure for medical leave?,administration,0.85,Administration,-0.20,negative,Medical leave requires documentation and submission to Student Records. I can provide the Medical Leave form and steps if you want.
conv_0046,user_0046,2026-09-03T10:05:31,Can I get a letter verifying my enrollment?,administration,0.88,Verification,0.10,neutral,Enrollment verification letters are available through the Registrar. I can request one for you or provide the self-service link.
conv_0047,user_0047,2026-09-03T10:28:44,How do I reset two-factor authentication?,technical_issue,0.91,IT Support,-0.05,neutral,Resetting 2FA requires contacting IT or using backup codes. I can guide you through the reset steps or create a support request.
conv_0048,user_0048,2026-09-03T10:55:02,Is late registration allowed?,course_registration,0.82,Registration,0.00,neutral,Late registration policies depend on the semester and course. There may be late fees; check the Registration Deadlines page. Want the deadline for your course?
conv_0049,user_0049,2026-09-03T11:20:18,How to apply for research assistant positions?,career_services,0.86,Research,0.45,positive,Research positions are posted on department boards and the Career Portal. I can search openings by department and send application tips.
conv_0050,user_0050,2026-09-03T11:45:59,I think my roommate is violating housing rules.,housing,0.79,Housing,-0.40,negative,Report housing violations to Residential Life with details and dates. I can provide the reporting form or connect you to a housing coordinator.
conv_0051,user_0051,2026-09-03T12:05:13,Are there opportunities for study abroad next year?,student_services,0.88,Study Abroad,0.60,positive,Yes — study abroad applications open in the fall. I can show program options and application deadlines for next year.
conv_0052,user_0052,2026-09-03T12:30:27,How can I dispute a parking ticket?,campus_facilities,0.81,Parking,-0.10,neutral,You can appeal a parking ticket via the Parking Appeals Portal. Collect evidence and submit within the appeal window. Want the appeal link?
conv_0053,user_0053,2026-09-03T12:55:44,Can I speak to an academic advisor now?,academic_advising,0.90,Advising,0.15,positive,Advisors have scheduled hours; I can show next available slots or submit a request for an urgent appointment.
conv_0054,user_0054,2026-09-03T13:18:59,What's the protocol for lab safety training?,safety,0.88,Safety,0.05,neutral,Complete the online Lab Safety module through Environmental Health & Safety. Certificates are required before lab access. Need the module link?
conv_0055,user_0055,2026-09-03T13:44:06,Can you help me draft an email to a professor?,academic_support,0.92,Communication,0.25,positive,"Sure — tell me the purpose and key points and I will draft a polite, concise email you can review and send."
conv_0056,user_0056,2026-09-03T14:02:18,My meal plan balance looks wrong.,financial_aid,0.84,Dining,-0.30,negative,Meal plan balances are managed by Dining Services. I can check recent transactions or submit an inquiry on your behalf.
conv_0057,user_0057,2026-09-03T14:28:34,What resources are there for international student visas?,administration,0.90,International,0.20,neutral,International Student Services handles visa matters. I can list visa resources and book an advising appointment if you need help.
conv_0058,user_0058,2026-09-03T14:54:49,How to report academic dishonesty?,academic_policies,0.86,Policies,-0.35,negative,Report allegations to Academic Integrity Office with evidence. They will investigate according to the policy. Want the report form?
conv_0059,user_0059,2026-09-03T15:18:02,Is there a lost and found on campus?,campus_facilities,0.78,Facilities,0.10,neutral,Yes — Lost & Found is at the Campus Police office. You can check items online or visit their office during business hours.
conv_0060,user_0060,2026-09-03T15:40:47,Can I take a leave to study abroad for a semester?,study_abroad,0.80,Study Abroad,0.00,neutral,"Yes, discuss with your academic advisor and submit the Study Abroad application. They will advise on credit transfer and leave procedures."
conv_0061,user_0061,2026-09-04T08:01:11,Where is the nearest printing station?,campus_facilities,0.77,Facilities,0.25,positive,"Printing stations are located in the Library, Student Center, and Engineering Building. Would you like the closest one to your current building?"
conv_0062,user_0062,2026-09-04T08:25:29,Do we have emergency counseling after hours?,mental_health,0.89,Wellbeing,-0.40,negative,"After-hours crisis support is available via the 24/7 helpline. If you are in immediate danger, call emergency services. Want the helpline number?"
conv_0063,user_0063,2026-09-04T08:50:52,How do I update my personal information?,administration,0.87,Administration,0.05,neutral,Update personal info in the Student Portal under 'Profile'. I can guide you to the exact fields to update.
conv_0064,user_0064,2026-09-04T09:12:36,Is there on-campus childcare subsidies?,student_services,0.75,Childcare,0.10,neutral,Some subsidies may be available through Student Services depending on eligibility. I can share application details if you'd like.
conv_0065,user_0065,2026-09-04T09:38:11,Can I get a waiver for course prerequisites?,academic_advising,0.82,Advising,-0.05,neutral,Prerequisite waivers require instructor approval and justification. I can prepare a waiver request template for you to submit.
conv_0066,user_0066,2026-09-04T10:02:24,How long until financial aid is disbursed?,financial_aid,0.85,Financial Aid,-0.05,neutral,Disbursement typically occurs within the first two weeks of the semester after final enrollment. I can check your disbursement date if you want.
conv_0067,user_0067,2026-09-04T10:28:39,Is there a quiet study area in the student center?,campus_facilities,0.80,Facilities,0.40,positive,"Yes, the 3rd floor of the Student Center is a quiet study area. It has booking options for small group rooms too."
conv_0068,user_0068,2026-09-04T10:55:50,What are the tuition payment deadlines?,financial_aid,0.86,Billing,0.00,neutral,Payment deadlines are posted on the Bursar's Calendar. Would you like me to add the due date to your calendar?
conv_0069,user_0069,2026-09-04T11:20:14,How do I back up my coursework?,technical_issue,0.89,IT Support,0.30,positive,Use the campus-provided cloud storage or an external drive. I can guide you to set up automatic backups for your documents.
conv_0070,user_0070,2026-09-04T11:44:31,Can I see last semester's transcript online?,administration,0.88,Transcripts,0.10,neutral,"Yes, view unofficial transcripts in the Student Portal under 'Academic Records'. For an official transcript, request via Registrar."
conv_0071,user_0071,2026-09-04T12:02:22,Do we have free legal advice for students?,student_services,0.77,Legal,0.05,neutral,The Student Legal Clinic offers free consultations on certain matters. I can provide their schedule and contact info.
conv_0072,user_0072,2026-09-04T12:29:55,How do I enroll in summer classes?,course_registration,0.83,Registration,0.15,positive,Summer enrollment opens on the Registration page. Search for summer term courses and add them to your cart; let me know which course codes you want.
conv_0073,user_0073,2026-09-04T12:54:18,Are there student emergency funds available?,financial_aid,0.82,Financial Aid,0.20,positive,"Yes, the Student Emergency Fund provides short-term assistance. Apply via Student Affairs; I can link the application."
conv_0074,user_0074,2026-09-04T13:20:42,Can I get access to lab equipment outside class hours?,research_support,0.80,Research,0.00,neutral,Access outside hours requires supervisor approval and training. I can help request extended access if you provide supervisor details.
conv_0075,user_0075,2026-09-04T13:44:59,How to contact the registrar?,administration,0.88,Registrar,0.10,neutral,Registrar can be reached at registrar@university.edu or (555) 010-2000. I can draft an email or find office hours.
conv_0076,user_0076,2026-09-04T14:05:12,Where can I find campus maps?,campus_facilities,0.79,Facilities,0.25,positive,Campus maps are available on the website and mobile app. Want directions from your current building to a specific location?
conv_0077,user_0077,2026-09-04T14:28:33,Who handles student loans?,financial_aid,0.87,Financial Aid,-0.10,neutral,Student Loan Services at Financial Aid manage loans. I can provide contact details and loan counseling resources.
conv_0078,user_0078,2026-09-04T14:50:55,Can I schedule a campus tour for my parents?,student_life,0.81,Tours,0.45,positive,Absolutely — schedule tours through Admissions. Tell me preferred dates and I can check availability.
conv_0079,user_0079,2026-09-04T15:12:37,How do I report a broken heating in my dorm?,housing,0.85,Housing,-0.20,negative,Report maintenance requests through the Housing Portal. Provide your room number and description; I can submit the maintenance request for you.
conv_0080,user_0080,2026-09-04T15:35:18,Is there an honors program?,academic_programs,0.78,Programs,0.30,positive,Yes — the Honors Program has specific admission criteria. I can show eligibility requirements and application deadlines.
conv_0081,user_0081,2026-09-05T08:01:09,Can I swap lab sections?,course_registration,0.83,Registration,0.10,neutral,Swapping lab sections depends on seat availability. Use the Swap option in Registration or request instructor permission; shall I check availability?
conv_0082,user_0082,2026-09-05T08:24:26,Are printers free to use?,campus_facilities,0.76,Facilities,0.05,neutral,Printing may require prepaid credits or charges per page. Check the Printing Services page for current rates and payment methods.
conv_0083,user_0083,2026-09-05T08:49:03,Where can I volunteer on campus?,student_life,0.79,Volunteering,0.55,positive,Student Volunteer Services lists opportunities. I can filter by interest area and show upcoming events to sign up.
conv_0084,user_0084,2026-09-05T09:10:44,How to get a parking permit for the semester?,campus_facilities,0.85,Parking,0.10,neutral,Purchase permits on the Parking Portal with your student ID. Choose the permit zone and payment method. Want the purchase link?
conv_0085,user_0085,2026-09-05T09:36:19,Can I change my class grading option to pass/fail?,academic_policies,0.81,Policies,-0.05,neutral,Pass/fail options have deadlines and approval processes. Check the Grading Options page or tell me the course to verify eligibility.
conv_0086,user_0086,2026-09-05T10:00:55,Is mental health counseling confidential?,mental_health,0.92,Wellbeing,0.40,positive,"Yes, counseling services maintain confidentiality within legal limits. I can share privacy policies or help schedule an appointment."
conv_0087,user_0087,2026-09-05T10:24:38,How do I connect my phone to campus VPN?,technical_issue,0.89,IT Support,0.05,neutral,Install the VPN client recommended on the IT site and use your student credentials. I can provide step-by-step instructions for your device.
conv_0088,user_0088,2026-09-05T10:50:06,Where are study abroad scholarships listed?,financial_aid,0.84,Study Abroad,0.20,positive,Study Abroad scholarships are listed on both Financial Aid and Study Abroad pages. I can compile a list of scholarships with upcoming deadlines.
conv_0089,user_0089,2026-09-05T11:12:27,Can I get an official ID replacement?,administration,0.86,Card Services,0.00,neutral,ID replacements are issued at Card Services for a fee. Bring photo ID or request a replacement online. Want the replacement fee details?
conv_0090,user_0090,2026-09-05T11:38:41,What's the deadline to change housing assignments?,housing,0.80,Housing,-0.05,neutral,Housing reassignment deadlines are posted on the Housing Portal. Early applications have priority. Would you like the current deadlines?
conv_0091,user_0091,2026-09-05T12:02:19,Can I get help with my CV?,career_services,0.90,Career,0.45,positive,Career Services offers CV reviews and workshops. I can book a review session or provide CV tips now if you'd like.
conv_0092,user_0092,2026-09-05T12:25:33,Is there an athletics tryout schedule?,student_life,0.78,Athletics,0.30,positive,Tryout schedules are on Athletics' site. Tell me which sport and I'll fetch the next available tryout date.
conv_0093,user_0093,2026-09-05T12:48:59,How to add an emergency contact?,administration,0.87,Administration,0.10,neutral,"Add emergency contacts in the Student Portal under 'Emergency Contacts'. Provide name, relation, and contact number."
conv_0094,user_0094,2026-09-05T13:12:14,What COVID policies are currently in effect?,health,0.85,Health,-0.05,neutral,Current health policies are posted on the Health Services page. I can summarize the latest guidance if you'd like.
conv_0095,user_0095,2026-09-05T13:38:33,Can I request a meeting with the dean?,administration,0.80,Administration,-0.10,neutral,Dean meetings require an appointment request via the Dean's Office. I can draft a request and check available dates for you.
conv_0096,user_0096,2026-09-05T14:02:01,Are there emergency scholarships for displaced students?,financial_aid,0.81,Financial Aid,0.15,positive,"Yes, emergency scholarships may be available; contact Student Affairs for eligibility. I can provide the application link."
conv_0097,user_0097,2026-09-05T14:28:19,Can the bot help me prepare for interviews?,career_services,0.88,Career,0.60,positive,"I can provide common interview questions, role-specific tips, and mock interview practice. Which role are you interviewing for?"
conv_0098,user_0098,2026-09-05T14:50:45,How do I withdraw from the university?,administration,0.83,Administration,-0.20,negative,Withdrawing requires submitting a Withdrawal Form and meeting with Student Records. I can provide the steps and potential financial implications.
conv_0099,user_0099,2026-09-05T15:13:58,Is free tutoring available for first-year students?,student_services,0.86,Tutoring,0.50,positive,Yes — free tutoring programs prioritize first-year students. I can show available subjects and schedules.
conv_0100,user_0100,2026-09-05T15:38:21,Can I enroll in a class after it starts?,course_registration,0.79,Registration,-0.05,neutral,Late enrollments depend on instructor permission and seat availability. I can request instructor approval if you'd like.
conv_0101,user_0101,2026-09-06T08:01:12,How to access lecture recordings?,course_information,0.88,Courses,0.20,positive,Lecture recordings are on the Learning Management System under your course's 'Media' section. Want me to fetch the latest recording link?
conv_0102,user_0102,2026-09-06T08:22:43,Can I get course materials for auditing students?,course_information,0.80,Courses,0.00,neutral,Access to course materials for auditors depends on the instructor. I can request permission or provide alternate open resources.
conv_0103,user_0103,2026-09-06T08:49:07,Where do I report harassment?,safety,0.95,Campus Safety,-0.70,negative,Report harassment to Title IX Office or Campus Safety immediately. I can provide contact details and help you file a confidential report.
conv_0104,user_0104,2026-09-06T09:10:55,How do I petition for credit transfer?,academic_advising,0.84,Transfer Credits,0.05,neutral,Submit a Transfer Credit Petition with course syllabi for evaluation. I can provide the petition form and guidelines.
conv_0105,user_0105,2026-09-06T09:35:21,Does the campus have disability parking?,campus_facilities,0.81,Facilities,0.15,positive,Yes — designated disability parking spaces are available with proper permits. Apply via Parking Services.
conv_0106,user_0106,2026-09-06T09:58:33,How to request classroom recording permission?,course_information,0.79,Courses,0.00,neutral,Ask the instructor for permission; recording policies vary. I can draft a permission request email for you.
conv_0107,user_0107,2026-09-06T10:24:46,Is there childcare for parenting students?,student_services,0.77,Childcare,0.10,neutral,Campus Childcare offers programs; limited spots are available. I can share application details and financial assistance options.
conv_0108,user_0108,2026-09-06T10:50:02,What are the steps to apply for graduation?,administration,0.88,Graduation,0.05,neutral,Apply for graduation via the Registrar by the posted deadline. I can check your eligibility and submit the application link.
conv_0109,user_0109,2026-09-06T11:12:18,Can I request late add for a course?,course_registration,0.82,Registration,-0.05,neutral,Late adds require instructor approval and may incur fees. I can submit a late add request if you provide the course code.
conv_0110,user_0110,2026-09-06T11:38:44,How do I join study groups?,student_life,0.78,Study Groups,0.45,positive,Study groups are organized via the Learning Center and course forums. I can match you with groups by course and availability.
conv_0111,user_0111,2026-09-06T12:02:07,Are there disability accommodations for exams?,accessibility,0.90,Accessibility,0.35,positive,Yes — accommodations like extended time are available with approval. Submit an Exam Accommodation Request through Accessibility Services.
conv_0112,user_0112,2026-09-06T12:25:19,Can I defer my enrollment?,administration,0.81,Administration,-0.05,neutral,Deferral policies depend on program; notify Admissions to defer enrollment and check deadlines. Shall I provide the Admissions contact?
conv_0113,user_0113,2026-09-06T12:48:55,How do I update payment method for tuition?,financial_aid,0.86,Billing,0.00,neutral,Update payment methods in the Bursar portal under 'Payment Options'. I can guide you through the steps if needed.
conv_0114,user_0114,2026-09-06T13:12:37,Is there an app for campus alerts?,campus_facilities,0.79,Safety,0.20,positive,Yes — download the Campus Safety app for alerts and emergency contacts. Want the app store link?
conv_0115,user_0115,2026-09-06T13:35:51,How do I drop a course without penalty?,academic_policies,0.83,Policies,-0.10,neutral,Dropping without penalty requires action before the tuition refund deadline. Check the academic calendar for exact dates or tell me the course and date.
conv_0116,user_0116,2026-09-06T13:58:12,Can I change my thesis advisor?,academic_advising,0.80,Advising,-0.05,neutral,Changing advisors requires approval from your department and the new advisor. I can provide the request procedure and forms.
conv_0117,user_0117,2026-09-06T14:23:29,Is there financial counseling for budgeting?,financial_aid,0.88,Financial Aid,0.45,positive,Yes — Financial Aid offers budgeting workshops and one-on-one counseling. I can book a session or provide budgeting templates.
conv_0118,user_0118,2026-09-06T14:48:47,How to apply for on-campus jobs?,career_services,0.87,Career,0.50,positive,Search on-campus job listings via the Career Portal and submit your application online. Would you like help building your application?
conv_0119,user_0119,2026-09-06T15:12:06,Are there emergency protocols for weather closures?,safety,0.85,Campus Safety,0.00,neutral,Follow Campus Alerts and the Emergency Procedures page for weather closures. I can subscribe you to alert notifications.
conv_0120,user_0120,2026-09-06T15:35:29,Can I switch into the honors seminar?,academic_programs,0.78,Programs,0.05,neutral,Switching depends on capacity and instructor approval. I can request permission or add you to a waitlist.
conv_0121,user_0121,2026-09-07T08:01:18,How to find my advisor's office hours?,academic_advising,0.86,Advising,0.10,neutral,Advisor office hours are listed on the Advising page and in the faculty directory. Tell me your advisor's name and I will fetch their hours.
conv_0122,user_0122,2026-09-07T08:25:44,Is group study allowed in the library after hours?,campus_facilities,0.79,Facilities,0.15,positive,Some library rooms are available for 24/7 group study with reservation. I can help you book a room.
conv_0123,user_0123,2026-09-07T08:49:10,Where can I access archived course materials?,course_information,0.82,Courses,0.05,neutral,"Archived materials may be in the LMS archive section. If not available, contact the instructor or department for access."
conv_0124,user_0124,2026-09-07T09:12:36,Can I get childcare emergency support?,student_services,0.75,Childcare,-0.10,neutral,Student Affairs may provide emergency childcare assistance on a case-by-case basis. I can connect you to the office to discuss options.
conv_0125,user_0125,2026-09-07T09:35:58,How to obtain a no-cost textbook?,student_services,0.81,Textbooks,0.30,positive,Check the Library's textbook reserve or affordable course materials program. I can search for your course's available reserves.
conv_0126,user_0126,2026-09-07T09:58:20,What's the process for filing a complaint about a course?,academic_policies,0.84,Policies,-0.20,negative,File a formal complaint with the Academic Affairs Office including details and evidence. I can provide the complaint form and submission instructions.
conv_0127,user_0127,2026-09-07T10:22:41,Is there a mentorship program for freshmen?,student_services,0.80,Mentorship,0.45,positive,Yes — the Freshman Mentorship Program pairs new students with upperclass mentors. Would you like to sign up?
conv_0128,user_0128,2026-09-07T10:45:59,How to report a food allergy to dining services?,campus_facilities,0.86,Dining,0.05,neutral,Notify Dining Services via their allergy form and speak to the chef at meal times. I can provide the allergy accommodation form link.
conv_0129,user_0129,2026-09-07T11:08:12,Can I request accommodations for religious holidays?,accessibility,0.82,Accessibility,0.10,neutral,Religious accommodations can be requested through Accessibility Services or directly with instructors; I can help draft a request.
conv_0130,user_0130,2026-09-07T11:30:27,Is there a veterans' office on campus?,student_services,0.79,Veterans,0.25,positive,Yes — Veterans Services assists with benefits and transition support. I can provide contact info and resources.
conv_0131,user_0131,2026-09-07T11:55:01,How do I report plagiarism?,academic_policies,0.88,Integrity,-0.45,negative,Report plagiarism to the Academic Integrity Office with supporting evidence. I can guide you through the submission process.
conv_0132,user_0132,2026-09-07T12:18:19,Can the bot help find study partners?,student_life,0.81,Study Groups,0.40,positive,Yes — I can match you with peers studying the same course and share contact details. Which course should I search for?
conv_0133,user_0133,2026-09-07T12:39:44,How to set up direct deposit for refunds?,financial_aid,0.86,Billing,0.10,neutral,Set up direct deposit in the Bursar portal under 'Payment Methods'. Have your bank routing and account numbers ready.
conv_0134,user_0134,2026-09-07T13:02:58,Is there assistance for undocumented students?,student_services,0.80,Support,0.15,positive,Student Support Services offers resources for undocumented students. I can share advisors and legal resources available on campus.
conv_0135,user_0135,2026-09-07T13:25:19,Where can I get immunizations required by the university?,health,0.88,Health,0.05,neutral,Immunizations are provided by Student Health Services. Schedule an appointment or check walk-in clinic hours.
conv_0136,user_0136,2026-09-07T13:48:41,Can I appeal a financial aid decision?,financial_aid,0.85,Financial Aid,-0.10,neutral,Yes — submit a financial aid appeal with supporting documentation. I can provide the appeal form and guidance on what to include.
conv_0137,user_0137,2026-09-07T14:12:05,How to reserve a conference room on campus?,campus_facilities,0.82,Facilities,0.30,positive,"Reserve conference rooms via the Room Booking portal. Choose date, time, and setup options. Would you like me to reserve one now?"
conv_0138,user_0138,2026-09-07T14:36:22,Do we have a writing center?,academic_support,0.90,Writing,0.60,positive,Yes — the Writing Center offers appointments and drop-in help. I can book a session or provide writing resources.
conv_0139,user_0139,2026-09-07T14:58:47,How to find course prerequisites?,course_information,0.86,Courses,0.00,neutral,Prerequisites are listed in the Course Catalog and on each course page. Tell me the course code and I'll fetch details.
conv_0140,user_0140,2026-09-07T15:22:59,Is there a campus shuttle schedule?,campus_facilities,0.80,Transport,0.20,positive,Yes — the shuttle schedule and routes are on the Transport Services page. I can show next shuttle times for your stop.
conv_0141,user_0141,2026-09-08T08:01:10,Can I get academic accommodations for pregnancy?,accessibility,0.85,Accessibility,0.10,neutral,Accommodations are available; contact Accessibility Services for documentation and support. I can help initiate the request.
conv_0142,user_0142,2026-09-08T08:24:33,How do I file a workplace complaint for my on-campus job?,student_employment,0.82,Employment,-0.20,negative,File complaints with Student Employment or HR depending on the issue. I can provide reporting steps and contacts.
conv_0143,user_0143,2026-09-08T08:49:56,Are course materials accessible for visually impaired students?,accessibility,0.91,Accessibility,0.45,positive,Yes — Accessibility Services and the Library provide accessible formats. I can request materials conversion for you.
conv_0144,user_0144,2026-09-08T09:12:12,How to get a recommendation letter?,academic_support,0.87,Recommendations,0.25,positive,Ask professors early and provide your CV and context. I can draft a polite request email template for you to customize.
conv_0145,user_0145,2026-09-08T09:35:29,Is there a campus farmers market?,student_life,0.76,Events,0.30,positive,Yes — a weekly farmers market runs on Thursdays in the Student Plaza. I can show hours and vendor lists.
conv_0146,user_0146,2026-09-08T09:58:43,How do I apply for research funding?,research_support,0.85,Research,0.15,neutral,Research funding opportunities are posted by departments and the Office of Research. I can compile active funding calls for your field.
conv_0147,user_0147,2026-09-08T10:22:01,Can I change my billing address?,administration,0.86,Billing,0.05,neutral,Update billing address in the Bursar portal or contact Bursar's Office. I can guide you through the update form.
conv_0148,user_0148,2026-09-08T10:44:20,What's the protocol for lab equipment checkout?,research_support,0.80,Research,0.00,neutral,"Checkout requires training, supervisor approval, and logging equipment use. I can provide the checkout policy and request form."
conv_0149,user_0149,2026-09-08T11:08:39,Do we have an LGBTQ+ support group?,student_services,0.89,Support,0.50,positive,Yes — LGBTQ+ resources and support groups are available through Student Inclusion. I can share meeting times and contacts.
conv_0150,user_0150,2026-09-08T11:32:51,How to apply for graduate assistantships?,career_services,0.84,Graduate,0.20,positive,Search graduate assistantship postings via department pages and the Career Portal. I can help prepare your application materials.
conv_0151,user_0151,2026-09-08T11:58:03,Can I get disability parking overnight?,campus_facilities,0.78,Parking,0.05,neutral,Overnight disability parking depends on lot rules. Contact Parking Services for permissions or temporary permits.
conv_0152,user_0152,2026-09-08T12:20:29,How do I report a hostile classroom environment?,safety,0.88,Campus Safety,-0.40,negative,Report incidents to the Office of Student Conduct and Title IX as appropriate. I can help gather details and submit a formal report.
conv_0153,user_0153,2026-09-08T12:45:54,Are part-time students eligible for on-campus jobs?,student_employment,0.83,Employment,0.10,neutral,Part-time students may be eligible; check job postings for restrictions. I can search available positions for part-time eligibility.
conv_0154,user_0154,2026-09-08T13:08:10,How to register for language classes?,course_registration,0.82,Registration,0.20,positive,Register via Registration; language classes have placement tests for some levels. Would you like the placement test schedule?
conv_0155,user_0155,2026-09-08T13:32:28,Is there support for first-generation students?,student_services,0.86,Support,0.45,positive,Yes — First-Generation Programs provide mentoring and resources. I can connect you with program coordinators.
conv_0156,user_0156,2026-09-08T13:58:44,How to submit a capstone project proposal?,academic_support,0.85,Projects,0.00,neutral,Submit your proposal to your department's Capstone Committee per the guidelines. I can provide the template and checklist.
conv_0157,user_0157,2026-09-08T14:22:11,Can I register for evening classes only?,course_registration,0.79,Registration,-0.05,neutral,You can select primarily evening classes but check program requirements for availability. I can filter classes by time for you.
conv_0158,user_0158,2026-09-08T14:45:36,Where to find student discount codes?,student_life,0.77,Discounts,0.15,positive,Student discount codes are posted on Student Deals and Campus Life pages. I can fetch current discounts for you.
conv_0159,user_0159,2026-09-08T15:09:59,Can I appeal a disciplinary decision?,administration,0.84,Conduct,-0.30,negative,Yes — follow the appeal procedures in the Student Conduct Code and submit within the appeal timeframe. I can outline the steps.
conv_0160,user_0160,2026-09-08T15:35:20,Is there help for scientific writing?,academic_support,0.88,Writing,0.50,positive,The Writing Center and Research Support offer help with scientific writing. I can schedule a consultation or provide style guides.
conv_0161,user_0161,2026-09-09T08:01:15,How to update my major in the system?,academic_advising,0.83,Advising,0.05,neutral,Submit Major Change form via Advising or meet with your advisor for approval. I can provide the form link and next steps.
conv_0162,user_0162,2026-09-09T08:25:28,Where are the graduate student lounges?,campus_facilities,0.76,Facilities,0.20,positive,Graduate lounges are in the Graduate Center and Science Building. I can show locations and access rules.
conv_0163,user_0163,2026-09-09T08:49:46,Can the bot connect me to a tutor now?,academic_support,0.87,Tutoring,0.55,positive,I can check tutor availability and connect you. Which subject do you need help with?
conv_0164,user_0164,2026-09-09T09:12:59,How to get emergency medical help on campus?,safety,0.95,Campus Safety,-0.60,negative,For medical emergencies call campus police or local emergency services immediately. For non-emergency health issues contact Student Health Services.
conv_0165,user_0165,2026-09-09T09:35:22,Are there resources for students with dependents?,student_services,0.78,Support,0.10,neutral,"Student Services lists family support resources, childcare options, and emergency aid for students with dependents. Want details?"
conv_0166,user_0166,2026-09-09T09:58:48,How to request accommodations for exams online?,accessibility,0.88,Accessibility,0.20,positive,Submit Exam Accommodation Requests through Accessibility Services with required documentation. I can help complete the form.
conv_0167,user_0167,2026-09-09T10:22:11,Can I get an appointment with the career counselor this week?,career_services,0.89,Career,0.45,positive,Career Counselors have limited slots; I can show available times and book an appointment this week if there's availability.
conv_0168,user_0168,2026-09-09T10:45:37,How do I access lab protocols?,research_support,0.81,Research,0.00,neutral,Lab protocols are usually in the department intranet or provided by your supervisor. I can search the protocol repository for your lab.
conv_0169,user_0169,2026-09-09T11:08:52,Is there support for food insecurity?,student_services,0.86,Support,0.15,positive,The campus food pantry and emergency meal vouchers assist students facing food insecurity. I can provide hours and application details.
conv_0170,user_0170,2026-09-09T11:32:17,How do I request academic probation removal?,academic_policies,0.80,Policies,-0.20,negative,Academic probation removal usually requires an appeal and evidence of improved performance. Contact your academic advisor to prepare an appeal.
conv_0171,user_0171,2026-09-09T11:55:36,Are there support groups for grief?,mental_health,0.88,Wellbeing,0.30,positive,Counseling Services offers grief support groups. I can share schedules and sign you up for the next session.
conv_0172,user_0172,2026-09-09T12:18:58,Can I get a waiver for health insurance?,administration,0.82,Health,0.00,neutral,Health insurance waivers require proof of comparable coverage. Check Student Health Insurance page and submit waiver documentation online.
conv_0173,user_0173,2026-09-09T12:42:13,What's the deadline to submit transcripts from another institution?,admissions,0.84,Admissions,0.00,neutral,Admissions deadlines vary; check your admission offer letter for the transcript submission deadline or tell me your admit term.
conv_0174,user_0174,2026-09-09T13:05:29,How to get into a full class waitlist?,course_registration,0.81,Registration,-0.05,neutral,Join the waitlist in Registration; some departments allow instructor overrides. I can check waitlist position if you're already queued.
conv_0175,user_0175,2026-09-09T13:28:44,Can I apply for disability support retroactively?,accessibility,0.83,Accessibility,-0.10,neutral,Retroactive accommodations are considered case-by-case. Contact Accessibility Services to discuss documentation and possibilities.
conv_0176,user_0176,2026-09-09T13:52:03,Are there scholarships for student parents?,financial_aid,0.82,Financial Aid,0.10,neutral,Some scholarships and emergency funds target student parents. I can compile applicable opportunities and deadlines.
conv_0177,user_0177,2026-09-09T14:16:29,How to request volunteer verification letters?,student_life,0.78,Volunteering,0.25,positive,Student Volunteer Services issues verification letters. Provide dates and hours and I can request a verification letter for you.
conv_0178,user_0178,2026-09-09T14:38:50,Can I change my course section online?,course_registration,0.85,Registration,0.10,neutral,Yes — use the Registration portal to change sections if seats are available. I can check availability for the section you want.
conv_0179,user_0179,2026-09-09T15:02:11,How to submit proof of vaccination?,health,0.86,Health,0.05,neutral,Upload vaccination proof in the Student Health portal under 'Immunizations'. I can guide you through accepted document formats.
conv_0180,user_0180,2026-09-09T15:26:34,Is tutoring free for engineering students?,student_services,0.84,Tutoring,0.55,positive,Engineering tutoring is free for enrolled engineering students. I can show the tutoring schedule and book a session.
conv_0181,user_0181,2026-09-10T08:01:16,Can I apply for a medical scholarship?,financial_aid,0.80,Financial Aid,0.15,positive,Medical scholarships exist for specific criteria. I can search scholarships relevant to your field and eligibility.
conv_0182,user_0182,2026-09-10T08:25:29,Where do I pick up my student ID?,administration,0.87,Card Services,0.10,neutral,Pick up IDs at Card Services during office hours; bring photo ID. I can confirm pickup times.
conv_0183,user_0183,2026-09-10T08:49:44,How to report building maintenance issues?,campus_facilities,0.82,Facilities,-0.10,neutral,Submit a maintenance request via the Facilities Work Order system with details and location. I can file the request for you.
conv_0184,user_0184,2026-09-10T09:12:58,Can I defer payment for tuition?,financial_aid,0.79,Billing,-0.15,negative,Payment plans may be available through Bursar. Contact them to discuss options; I can provide the payment plan application link.
conv_0185,user_0185,2026-09-10T09:35:19,Are there translation services for documents?,student_services,0.78,Translation,0.10,neutral,Translation services are available through Student Services or external partners. I can provide contacts and pricing.
conv_0186,user_0186,2026-09-10T09:58:41,How do I get funding for conference travel?,research_support,0.85,Research,0.20,positive,Apply for travel grants through your department or the Office of Research. I can list current grant opportunities and deadlines.
conv_0187,user_0187,2026-09-10T10:22:03,Can the bot provide campus dining menus?,campus_facilities,0.80,Dining,0.30,positive,Yes — I can show daily menus for campus dining locations. Which meal or location would you like?
conv_0188,user_0188,2026-09-10T10:44:24,What are acceptable ID forms for exams?,administration,0.86,Exams,0.00,neutral,Acceptable ID usually includes government-issued photo ID or student ID. Confirm specifics with your instructor or testing center.
conv_0189,user_0189,2026-09-10T11:08:49,How to request a grade recount?,academic_policies,0.85,Grades,-0.10,neutral,Request recounts per course policy by contacting the instructor or department; include reasons and supporting evidence. I can draft the recount request.
conv_0190,user_0190,2026-09-10T11:35:14,Can I get help with time management?,academic_support,0.88,Coaching,0.50,positive,Academic coaching offers time management workshops and one-on-one coaching. I can schedule a coaching session for you.
conv_0191,user_0191,2026-09-10T11:58:31,Is there a policy on fraternities/sororities?,student_life,0.77,Greek Life,0.00,neutral,Greek Life policies are on Student Affairs pages. I can provide a summary or link to the full policy.
conv_0192,user_0192,2026-09-10T12:22:55,How to report a bug in the student app?,technical_issue,0.90,IT Support,-0.05,neutral,Report bugs via the IT Helpdesk with steps to reproduce and screenshots. I can file a bug report for you.
conv_0193,user_0193,2026-09-10T12:45:10,Are there campus job fairs coming up?,career_services,0.87,Career,0.45,positive,Yes — job fairs are scheduled this semester. I can list dates and employers if you tell me your field of interest.
conv_0194,user_0194,2026-09-10T13:08:34,How to get textbooks on reserve?,library,0.82,Library,0.10,neutral,Request reserve placement through your course instructor or contact the Library Reserves desk. I can submit a reserve request form.
conv_0195,user_0195,2026-09-10T13:31:58,Can I request service animal accommodation?,accessibility,0.91,Accessibility,0.15,positive,Submit a Service Animal Request to Accessibility Services with documentation. I can provide the necessary forms and policy info.
conv_0196,user_0196,2026-09-10T13:55:22,What study abroad prerequisites exist?,study_abroad,0.80,Study Abroad,0.00,neutral,Prerequisites vary by program and host institution; language proficiency or course requirements may apply. I can check specific programs.
conv_0197,user_0197,2026-09-10T14:18:45,How do I apply for emergency housing after a natural disaster?,housing,0.83,Housing,-0.30,negative,Contact Student Affairs and Housing immediately; emergency protocols and temporary housing are activated as needed. I can provide emergency contacts.
conv_0198,user_0198,2026-09-10T14:42:12,Can I access lab data remotely?,research_support,0.79,Research,0.00,neutral,Remote data access depends on permissions and VPN access. Coordinate with your PI or IT to set up secure access.
conv_0199,user_0199,2026-09-10T15:05:36,How to request a meeting with financial aid?,financial_aid,0.85,Financial Aid,0.10,neutral,Book an appointment via the Financial Aid portal or call their office. I can schedule a meeting and list required documents.
conv_0200,user_0200,2026-09-10T15:29:58,Is there support for veteran spouses?,student_services,0.78,Veterans,0.10,neutral,Veterans Services may provide resources and referrals for veteran spouses. I can provide contact info and available services.